MAC,RSSI,timestamp,name,manufacturer,serviceUUID
02:00:00:00:00:01,-58,28/09/2026 10:00:00,DemoPhoneA,DemoCorp,180D
02:00:00:00:00:01,-59,28/09/2026 10:00:12,DemoPhoneA,DemoCorp,180D
02:00:00:00:00:01,-60,28/09/2026 10:00:24,DemoPhoneA,DemoCorp,180D
02:00:00:00:00:02,-64,28/09/2026 10:20:06,DemoPhoneB,ExampleInc,180F
02:00:00:00:00:02,-65,28/09/2026 10:20:18,DemoPhoneB,ExampleInc,180F
02:00:00:00:00:02,-66,28/09/2026 10:20:30,DemoPhoneB,ExampleInc,180F
02:00:00:00:00:03,-55,28/09/2026 11:05:00,DemoWatch,DemoCorp,1812
02:00:00:00:00:03,-56,28/09/2026 11:05:20,DemoWatch,DemoCorp,1812
02:00:00:00:00:03,-57,28/09/2026 11:05:40,DemoWatch,DemoCorp,1812
02:00:00:00:00:04,-66,28/09/2026 12:10:07,DemoTag,SampleTech,1816
02:00:00:00:00:04,-67,28/09/2026 12:10:22,DemoTag,SampleTech,1816
02:00:00:00:00:04,-68,28/09/2026 12:10:37,DemoTag,SampleTech,1816
02:00:00:00:00:05,-60,28/09/2026 13:00:00,DemoPhoneC,ExampleInc,180D
02:00:00:00:00:05,-61,28/09/2026 13:00:30,DemoPhoneC,ExampleInc,180D
02:00:00:00:00:05,-62,28/09/2026 13:01:00,DemoPhoneC,ExampleInc,180D
02:00:00:00:00:05,-63,28/09/2026 13:01:30,DemoPhoneC,ExampleInc,180D
